{
  "view/fragments/StepTwo.fragment.xml": 1731076916827,
  "model/models.js": 1729958646789,
  "controller/candidate.controller.js": 1730376832083,
  "controller/App.controller.js": 1729958646793,
  "manifest.json": 1731078190989,
  "Component.js": 1729958646789,
  "controller/candidate-dbg.controller.js": 1730376832083,
  "controller/candidate.controller.js.map": 1731078191122,
  "model/models-dbg.js": 1729958646789,
  "model/models.js.map": 1731078191123,
  "controller/App-dbg.controller.js": 1729958646793,
  "controller/App.controller.js.map": 1731078191122,
  "Component-dbg.js": 1729958646789,
  "Component.js.map": 1731078191124,
  "Component-preload.js": 1731078191191,
  "Component-preload.js.map": 1731078191191,
  "i18n/i18n.properties": 1731076087454,
  "view/fragments/StepOne.fragment.xml": 1731076855650,
  "view/candidate.view.xml": 1730380401349,
  "view/App.view.xml": 1729958646793,
  "css/style.css": 1729958646793,
  "index.html": 1729958646789
}